Test,Statistic,p-value
Kruskal-Wallis,712.9275202527416,1.7598403725000014e-75
